{
  "House": {
    "SUFFOLK11": [
      42.399427,
      -71.029816
    ],
    "HAMPSHIRE01": [
      42.406978,
      -72.854299
    ],
    "ESSEX14": [
      42.759454,
      -71.002115
    ],
    "ESSEX07": [
      42.515351,
      -70.905327
    ],
    "BARN02": [
      41.650867,
      -70.345009
    ],
    "HAMPDEN11": [
      42.106789,
      -72.561325
    ],
    "HAMPSHIRE02": [
      42.319392,
      -72.563499
    ],
    "WOR18": [
      42.099235,
      -71.78839
    ],
    "WOR02": [
      42.605984,
      -72.020417
    ],
    "NORFOLK09": [
      42.092955,
      -71.318727
    ],
    "MIDDLE20": [
      42.571839,
      -71.064206
    ],
    "MIDDLE23": [
      42.420234,
      -71.156107
    ],
    "SUFFOLK18": [
      42.352067,
      -71.11215
    ],
    "MIDDLE37": [
      42.544099,
      -71.608097
    ],
    "BRISTOL09": [
      41.624636,
      -70.994468
    ],
    "NORFOLK10": [
      42.106655,
      -71.406613
    ],
    "BRISTOL03": [
      41.956795,
      -71.109219
    ],
    "NORFOLK08": [
      42.096065,
      -71.15499
    ],
    "NORFOLK14": [
      42.368435,
      -71.301606
    ],
    "HAMPDEN04": [
      42.179479,
      -72.739933
    ],
    "WOR06": [
      42.136693,
      -72.005845
    ],
    "WOR01": [
      42.45506,
      -71.886893
    ],
    "BRISTOL05": [
      41.790327,
      -71.154159
    ],
    "BRISTOL08": [
      41.644224,
      -71.092291
    ],
    "PLY12": [
      41.981333,
      -70.795724
    ],
    "MIDDLE05": [
      42.297907,
      -71.35922
    ],
    "SUFFOLK02": [
      42.36463,
      -71.08159
    ],
    "NORFOLK07": [
      42.206939,
      -71.097349
    ],
    "MIDDLE33": [
      42.428981,
      -71.05682
    ],
    "PLY07": [
      42.074088,
      -70.9431
    ],
    "HAMPDEN12": [
      42.127297,
      -72.396404
    ],
    "PLY04": [
      42.156121,
      -70.745362
    ],
    "BRISTOL01": [
      42.021,
      -71.1943
    ],
    "MIDDLE34": [
      42.402753,
      -71.105969
    ],
    "MIDDLE26": [
      42.375682,
      -71.084448
    ],
    "MIDDLE31": [
      42.468806,
      -71.107778
    ],
    "SUFFOLK09": [
      42.334625,
      -71.072675
    ],
    "NORFOLK01": [
      42.233049,
      -71.034861
    ],
    "SUFFOLK19": [
      42.399318,
      -70.990938
    ],
    "MIDDLE18": [
      42.631129,
      -71.343683
    ],
    "ESSEX04": [
      42.720861,
      -71.18586
    ],
    "ESSEX15": [
      42.74284,
      -71.225565
    ],
    "ESSEX02": [
      42.703093,
      -70.925839
    ],
    "PLY05": [
      42.119666,
      -70.855151
    ],
    "BERK01": [
      42.562892,
      -73.153335
    ],
    "HAMPDEN05": [
      42.223421,
      -72.640186
    ],
    "HAMPDEN08": [
      42.17736,
      -72.566165
    ],
    "WOR12": [
      42.422754,
      -71.743148
    ],
    "WOR03": [
      42.590938,
      -71.81615
    ],
    "PLY09": [
      42.043727,
      -71.069237
    ],
    "MIDDLE27": [
      42.390141,
      -71.108979
    ],
    "MIDDLE30": [
      42.506456,
      -71.13452
    ],
    "ESSEX13": [
      42.59611,
      -70.943622
    ],
    "ESSEX05": [
      42.615941,
      -70.76021
    ],
    "BARN04": [
      41.866342,
      -69.980725
    ],
    "HAMPSHIRE03": [
      42.339482,
      -72.504265
    ],
    "WOR16": [
      42.235766,
      -71.77846
    ],
    "PLY10": [
      42.084172,
      -70.998061
    ],
    "NORFOLK03": [
      42.241619,
      -70.985128
    ],
    "MIDDLE21": [
      42.495497,
      -71.24354
    ],
    "MIDDLE12": [
      42.310712,
      -71.180065
    ],
    "SUFFOLK10": [
      42.289443,
      -71.15552
    ],
    "PLY08": [
      41.947154,
      -71.01117
    ],
    "BARN01": [
      41.710736,
      -70.189133
    ],
    "NORFOLK13": [
      42.248824,
      -71.269095
    ],
    "MIDDLE36": [
      42.676413,
      -71.343494
    ],
    "MIDDLE17": [
      42.630753,
      -71.29978
    ],
    "ESSEX03": [
      42.783051,
      -71.068015
    ],
    "HAMPDEN01": [
      42.190044,
      -72.256246
    ],
    "MIDDLE13": [
      42.407733,
      -71.371547
    ],
    "BRISTOL06": [
      41.753068,
      -71.10253
    ],
    "BRISTOL11": [
      41.653399,
      -70.928902
    ],
    "BRISTOL12": [
      41.860018,
      -71.010771
    ],
    "BRISTOL10": [
      41.695471,
      -70.809776
    ],
    "BRISTOL13": [
      41.627037,
      -70.940484
    ],
    "SUFFOLK16": [
      42.430284,
      -71.014814
    ],
    "MIDDLE11": [
      42.344054,
      -71.215509
    ],
    "BRISTOL02": [
      41.932756,
      -71.288303
    ],
    "MIDDLE29": [
      42.37794,
      -71.142587
    ],
    "NORFOLK15": [
      42.338079,
      -71.124027
    ],
    "BERK02": [
      42.451473,
      -73.260849
    ],
    "FRANK01": [
      42.575104,
      -72.724459
    ],
    "HAMPDEN10": [
      42.097968,
      -72.578587
    ],
    "HAMPDEN09": [
      42.136807,
      -72.548183
    ],
    "WOR07": [
      42.175191,
      -71.847863
    ],
    "WOR10": [
      42.12787,
      -71.534402
    ],
    "WOR04": [
      42.524565,
      -71.775132
    ],
    "WOR19": [
      42.284469,
      -71.587585
    ],
    "MIDDLE04": [
      42.343428,
      -71.567277
    ],
    "MIDDLE07": [
      42.286512,
      -71.492317
    ],
    "BRISTOL07": [
      41.686967,
      -71.168594
    ],
    "ESSEX09": [
      42.486075,
      -71.034043
    ],
    "NORFOLK05": [
      42.189147,
      -70.998936
    ],
    "ESSEX10": [
      42.48065,
      -70.943716
    ],
    "ESSEX17": [
      42.689048,
      -71.180429
    ],
    "ESSEX16": [
      42.715777,
      -71.142891
    ],
    "ESSEX18": [
      42.649392,
      -71.116648
    ],
    "ESSEX01": [
      42.837649,
      -71.000229
    ],
    "SUFFOLK13": [
      42.300065,
      -71.054832
    ],
    "ESSEX08": [
      42.488882,
      -70.875437
    ],
    "HAMPDEN03": [
      42.194056,
      -72.904246
    ],
    "HAMPDEN06": [
      42.123755,
      -72.671906
    ],
    "WOR09": [
      42.173967,
      -71.628583
    ],
    "WOR08": [
      42.093229,
      -71.621665
    ],
    "MIDDLE08": [
      42.201934,
      -71.466857
    ],
    "WOR14": [
      42.33958,
      -71.784169
    ],
    "MIDDLE02": [
      42.577141,
      -71.446993
    ],
    "BRISTOL04": [
      41.850258,
      -71.269224
    ],
    "NORFOLK12": [
      42.166558,
      -71.202025
    ],
    "NORFOLK06": [
      42.165646,
      -71.122185
    ],
    "MIDDLE10": [
      42.377708,
      -71.197289
    ],
    "SUFFOLK07": [
      42.326787,
      -71.08935
    ],
    "SUFFOLK05": [
      42.30985,
      -71.070124
    ],
    "SUFFOLK06": [
      42.284723,
      -71.09836
    ],
    "SUFFOLK03": [
      42.356118,
      -71.055936
    ],
    "NORFOLK02": [
      42.259181,
      -70.995124
    ],
    "ESSEX11": [
      42.455019,
      -70.96346
    ],
    "MIDDLE19": [
      42.566379,
      -71.174313
    ],
    "SUFFOLK08": [
      42.351757,
      -71.080659
    ],
    "MIDDLE35": [
      42.425454,
      -71.103232
    ],
    "HAMPDEN07": [
      42.380623,
      -72.378549
    ],
    "PLY02": [
      41.820129,
      -70.804509
    ],
    "MIDDLE28": [
      42.408525,
      -71.058077
    ],
    "MIDDLE32": [
      42.47913,
      -71.06944
    ],
    "MIDDLE22": [
      42.559837,
      -71.27445
    ],
    "PLY01": [
      41.870822,
      -70.617337
    ],
    "BARN03": [
      41.64477,
      -70.489995
    ],
    "MIDDLE03": [
      42.422709,
      -71.547748
    ],
    "NORFOLK04": [
      42.205792,
      -70.937032
    ],
    "MIDDLE16": [
      42.634397,
      -71.387782
    ],
    "SUFFOLK17": [
      42.342659,
      -71.14373
    ],
    "MIDDLE14": [
      42.522854,
      -71.370509
    ],
    "MIDDLE24": [
      42.397598,
      -71.168245
    ],
    "HAMPDEN02": [
      42.085452,
      -72.370036
    ],
    "MIDDLE01": [
      42.621418,
      -71.718445
    ],
    "WOR05": [
      42.348788,
      -72.145999
    ],